elapsed [sec],ObjectSpace.memsize_of_all values [MB]
0,19.765921592712402
1,16.117624282836914
2,17.841747283935547
3,17.556774139404297
4,17.272661209106445
5,25.949368476867676
6,17.06888771057129
7,16.762371063232422
8,16.59659194946289
9,18.081571578979492
10,21.56001091003418
11,18.3231258392334
12,18.020795822143555
13,17.71953773498535
14,17.747905731201172
15,19.154340744018555
16,15.189349174499512
17,15.105876922607422
18,13.014026641845703
19,15.241930961608887
20,18.43420124053955
21,16.747106552124023
22,17.005087852478027
23,20.31912612915039
24,20.180545806884766
25,20.1152286529541
26,20.3787899017334
27,20.28799343109131
28,20.229121208190918
29,20.171053886413574
30,18.285273551940918
31,20.55791473388672
32,20.60020160675049
33,20.642059326171875
34,20.683828353881836
35,20.72567367553711
36,21.392643928527832
37,21.440817832946777
38,21.48131275177002
39,21.53910541534424
40,21.91769504547119
41,21.966601371765137
42,22.015013694763184
43,22.06362533569336
44,22.44245147705078
45,19.572142601013184
46,19.892086029052734
47,19.883030891418457
48,19.86492347717285
49,19.856033325195312
50,20.17753505706787
51,20.177666664123535
52,18.77265167236328
53,18.768654823303223
54,19.086069107055664
55,19.090569496154785
56,19.07853126525879
57,19.404775619506836
58,19.401695251464844
59,27.297736167907715
60,19.440680503845215
61,19.552699089050293
62,19.66464138031006
63,19.77779483795166
64,20.21902370452881
65,20.330927848815918
66,20.44355869293213
67,20.564980506896973
68,20.67735004425049
69,21.119336128234863
70,21.232644081115723
71,21.33645534515381
72,21.45896053314209
73,21.572131156921387
74,23.663474082946777
75,20.00355052947998
76,19.99180316925049
77,19.981107711791992
78,20.289615631103516
79,20.28780174255371
80,20.275904655456543
81,20.265399932861328
82,20.384666442871094
83,20.709409713745117
84,20.695488929748535
85,20.700514793395996
86,20.687687873840332
87,20.736435890197754
88,21.01768207550049
89,24.955472946166992
90,22.323622703552246
91,22.444929122924805
92,22.565523147583008
93,22.685985565185547
94,22.797175407409668
95,20.077895164489746
96,20.19893455505371
97,20.319969177246094
98,20.441044807434082
99,20.892065048217773
100,21.012847900390625
101,21.125019073486328
102,21.24734592437744
103,21.36921215057373
104,20.669225692749023
105,19.791057586669922
106,20.196605682373047
107,20.281265258789062
108,20.357107162475586
109,20.43294906616211
110,20.838852882385254
111,20.915282249450684
112,20.99216938018799
113,21.068034172058105
114,21.14565372467041
115,18.321303367614746
116,18.397958755493164
117,16.47568702697754
118,18.55298614501953
119,19.20906925201416
120,19.368839263916016
121,19.5465669631958
122,20.046088218688965
123,20.21597194671631
124,20.385802268981934
125,20.547040939331055
126,21.05614185333252
127,21.226330757141113
128,21.387877464294434
129,21.558958053588867
130,18.93928813934326
131,19.11011028289795
132,19.281325340270996
133,19.451807022094727
134,17.823098182678223
135,20.12339973449707
136,20.423738479614258
137,20.73589038848877
138,21.36348247528076
139,21.664182662963867
140,18.957019805908203
141,19.258109092712402
142,19.89707374572754
143,20.197514533996582
144,20.49779987335205
145,20.798584938049316
146,21.100062370300293
147,22.878819465637207
148,23.104652404785156
149,19.334243774414062
150,19.501078605651855
151,19.821438789367676
152,19.900609016418457
153,19.980429649353027
154,20.05959987640381
155,20.138731956481934
156,20.547608375549316
157,20.627467155456543
158,20.707427978515625
159,20.786582946777344
160,20.867124557495117
161,20.948330879211426
162,21.358150482177734
163,20.93443775177002
164,20.85877799987793
165,21.06788158416748
166,21.278746604919434
167,21.487433433532715
168,18.938359260559082
169,19.15718936920166
170,19.368350982666016
171,19.579051971435547
172,20.118968963623047
173,20.320777893066406
174,20.54036045074463
175,20.75190258026123
176,21.284154891967773
177,21.50381374359131
178,23.190850257873535
179,20.113762855529785
180,20.331278800964355
181,20.439483642578125
182,20.437188148498535
183,20.44372272491455
184,20.478001594543457
185,20.770527839660645
186,20.76927661895752
187,20.767687797546387
188,20.766759872436523
189,21.09450054168701
190,21.09370231628418
191,21.084238052368164
192,21.09163761138916
193,22.229077339172363
194,20.54791831970215
195,20.677799224853516
196,20.800201416015625
197,20.922143936157227
198,21.035395622253418
199,21.49690818786621
200,18.432666778564453
201,16.55470085144043
202,22.224769592285156
203,21.02704429626465
204,21.42826271057129
205,21.563973426818848
206,18.518077850341797
207,18.645176887512207
208,23.07845973968506
209,20.55834674835205
210,20.55594825744629
211,20.883360862731934
212,20.88029956817627
213,20.878788948059082
214,20.8676118850708
215,20.874146461486816
216,21.202494621276855
217,21.200913429260254
218,21.199782371520996
219,21.198111534118652
220,21.19718360900879
221,18.223517417907715
222,18.22275733947754
223,19.888410568237305
224,20.813366889953613
225,21.25392723083496
226,21.356179237365723
227,21.45834255218506
228,21.560505867004395
229,18.79623031616211
230,18.899182319641113
231,19.002174377441406
232,19.243759155273438
233,19.538606643676758
234,19.632715225219727
235,19.745391845703125
236,19.849151611328125
237,20.282638549804688
238,20.886940002441406
239,21.451751708984375
240,21.694993019104004
241,18.89207172393799
242,19.136045455932617
243,19.710113525390625
244,19.954282760620117
245,20.18976879119873
246,20.434334754943848
247,21.00834846496582
248,21.25267791748047
249,21.505927085876465
250,21.75029468536377
251,18.939980506896973
252,30.37020969390869
253,19.534259796142578
254,19.609118461608887
255,19.69297504425049
256,20.0978946685791
257,20.171964645385742
258,20.238927841186523
259,20.323213577270508
260,20.93998432159424
261,21.183335304260254
262,21.264867782592773
263,21.35542106628418
264,21.765975952148438
265,21.848196983337402
266,21.930428504943848
267,26.532350540161133
268,22.469676971435547
269,22.66398048400879
270,22.8497314453125
271,23.214083671569824
272,20.47395896911621
273,20.66011619567871
274,21.194151878356934
275,21.38038730621338
276,21.584230422973633
277,21.770440101623535
278,22.30548858642578
279,22.50129222869873
280,22.69643211364746
281,20.119808197021484
282,27.373692512512207
283,23.401442527770996
284,20.8165283203125
285,21.164731979370117
286,21.53205680847168
287,22.211090087890625
288,22.56955623626709
289,22.936890602111816
290,23.286409378051758
291,23.64498996734619
292,21.392245292663574
293,21.760748863220215
294,22.120112419128418
295,22.79969024658203
296,23.159000396728516
297,26.613917350769043
298,21.270137786865234
299,18.443206787109375
300,18.51552963256836
301,18.588210105895996
302,18.66964340209961
303,19.07193946838379
304,19.144529342651367
305,19.217241287231445
306,19.290359497070312
307,19.579983711242676
308,19.765957832336426
309,19.838547706604004
310,20.23304557800293
311,20.314478874206543
312,22.88813591003418
313,45.70008563995361
314,45.569644927978516
315,44.84335422515869
316,43.94766139984131
317,42.95203971862793
318,42.17055797576904
319,45.39317989349365
320,44.69449806213379
321,43.82563018798828
322,43.35948181152344
323,42.571085929870605
324,45.56057167053223
325,45.11772441864014
326,44.34675216674805
327,45.647101402282715
328,45.31790351867676
329,45.18065357208252
330,45.20328330993652
331,45.06408977508545
332,44.831868171691895
333,45.086453437805176
334,44.827406883239746
335,44.673766136169434
336,44.680864334106445
337,44.55549430847168
338,44.44535446166992
339,44.31283664703369
340,44.364667892456055
341,50.276811599731445
342,45.16068744659424
343,45.292874336242676
344,44.95925521850586
345,44.64453411102295
346,44.4315881729126
347,44.46356391906738
348,44.25239372253418
349,44.03445625305176
350,44.06754970550537
351,43.95016860961914
352,43.67124080657959
353,43.29899787902832
354,43.50938892364502
355,43.25818920135498
356,44.40788269042969
357,44.67325305938721
358,44.95144844055176
359,45.68342113494873
360,46.128275871276855
361,43.26018810272217
362,43.71148490905762
363,44.49487495422363
364,44.90391826629639
365,45.056840896606445
366,45.69590950012207
367,46.25926494598389
368,43.52985954284668
369,44.06274604797363
370,44.71610641479492
371,44.773226737976074
372,45.716407775878906
373,46.35267925262451
374,43.817649841308594
375,44.656150817871094
376,45.435051918029785
377,46.0567741394043
378,43.62623596191406
379,44.51643371582031
380,45.13350296020508
381,45.790231704711914
382,46.40562343597412
383,44.25834560394287
384,44.85661029815674
385,45.369384765625
386,45.03184700012207
387,46.1209831237793
388,43.66213893890381
389,44.33223342895508
390,44.97904396057129
391,45.75646686553955
392,43.37474250793457
393,44.00290012359619
394,45.00523853302002
395,45.675766944885254
396,46.440293312072754
397,44.181097984313965
398,44.86638927459717
399,45.53350830078125
400,46.16619396209717
401,45.20572280883789
402,46.43087863922119
403,44.97727966308594
404,46.306514739990234
405,44.526551246643066
406,45.135000228881836
407,45.84332084655762
408,43.53449630737305
409,44.54700183868408
410,45.212491035461426
411,45.985886573791504
412,43.65127658843994
413,44.70623207092285
414,45.37126636505127
415,46.130239486694336
416,45.00467586517334
417,43.88319778442383
418,45.07514667510986
419,46.293678283691406
420,44.93840026855469
421,46.27754592895508
422,45.12949562072754
423,46.38967990875244
424,44.93519306182861
425,46.21570587158203
426,45.07585048675537
427,46.45528793334961
428,45.10684585571289
429,46.34716510772705
430,45.33508014678955
431,44.07200813293457
432,45.549187660217285
433,44.51417255401611
434,46.05924129486084
435,44.78568744659424
436,46.327073097229004
437,45.513895988464355
438,44.37614727020264
439,45.88052463531494
440,44.77376461029053
441,46.09026527404785
442,45.202698707580566
443,46.59813594818115
444,45.46304225921631
445,44.55521202087402
446,46.025208473205566
447,45.41519260406494
448,44.896912574768066
449,46.66427516937256
450,45.93962287902832
451,45.3692045211792
452,45.02056694030762
453,44.3548059463501
454,46.13186264038086
455,45.39320182800293
456,45.10613536834717
457,44.46816349029541
458,46.594719886779785
459,45.889405250549316
460,68.96402645111084
461,45.443875312805176
462,44.752142906188965
463,46.439311027526855
464,45.931373596191406
465,45.12320899963379
466,44.421979904174805
467,46.05426502227783
468,45.6945686340332
469,45.00657653808594
470,44.26913356781006
471,46.41108512878418
472,45.71381664276123
473,45.00827121734619
474,46.69532012939453
475,46.17201614379883
476,44.97642803192139
477,44.33468151092529
478,46.0075569152832
479,45.25219440460205
480,44.8881721496582
481,44.18463706970215
482,45.926387786865234
483,45.56604290008545
484,44.711424827575684
485,46.535057067871094
486,45.76805019378662
487,45.384870529174805
488,44.61133003234863
489,46.39687728881836
490,47.33194637298584
491,45.77906036376953
492,44.8646879196167
493,44.55136585235596
494,46.4315881729126
495,45.58073425292969
496,44.951064109802246
497,44.434186935424805
498,46.21809005737305
499,45.423794746398926
500,44.9837703704834
501,44.29631042480469
502,46.065752029418945
503,45.18032455444336
504,44.77006149291992
505,45.61167335510254
506,45.37331199645996
507,44.97853660583496
508,44.65820026397705
509,44.68178176879883
510,46.81026744842529
511,46.41539287567139
512,46.46096611022949
513,46.130475997924805
514,45.700825691223145
515,45.53702926635742
516,45.53023147583008
517,45.308655738830566
518,45.07518005371094
519,44.892210960388184
520,44.9382438659668
521,44.72722911834717
522,44.61514949798584
523,46.71627902984619
524,46.338233947753906
525,46.14088726043701
526,46.16567420959473
527,46.02192306518555
528,45.59431076049805
529,45.4197883605957
530,45.433549880981445
531,45.174593925476074
532,44.753729820251465
533,44.53066825866699
534,46.76341724395752
535,46.5163516998291
536,45.76987361907959
537,45.09604835510254
538,44.83862590789795
539,46.6710729598999
540,46.06635856628418
541,45.428181648254395
542,45.14468955993652
543,44.45275592803955
544,46.330512046813965
545,45.53091526031494
546,45.28238582611084
547,44.67404747009277
548,46.542686462402344
549,45.8466272354126
550,46.11219787597656
551,45.57901191711426
552,44.80042839050293
553,46.66786289215088
554,45.957173347473145
555,45.33506679534912
556,44.63469314575195
557,46.48636817932129
558,46.09286975860596
559,45.50003719329834
560,44.7820987701416
561,44.42755317687988
562,46.187193870544434
563,45.63849925994873
564,45.30228328704834
565,46.671518325805664
566,50.2792854309082
567,49.34407997131348
568,54.22322177886963
569,53.87657070159912
570,53.24660396575928
571,53.7356481552124
572,54.40064811706543
573,48.91887187957764
574,49.98790264129639
575,50.62839984893799
576,51.3371000289917
577,52.25887966156006
578,53.0877685546875
579,53.75048065185547
580,54.96029567718506
581,53.90103054046631
582,54.72328281402588
583,49.86166000366211
584,50.83536338806152
585,485.3056869506836
586,52.85601806640625
587,53.79159927368164
588,54.770952224731445
589,49.571250915527344
590,50.58145332336426
591,51.57971668243408
592,52.49604320526123
593,53.64996910095215
594,54.483285903930664
595,55.40158939361572
596,53.96595096588135
597,48.66472244262695
598,49.60908317565918
599,50.30729389190674
600,50.99522590637207
601,52.10108470916748
602,52.76015663146973
603,53.35207271575928
604,54.312788009643555
605,48.93019485473633
606,49.66257190704346
607,50.48758792877197
608,51.634947776794434
609,52.396623611450195
610,51.12552070617676
611,52.4533109664917
612,53.44464302062988
613,54.598955154418945
614,50.14495086669922
615,51.15787410736084
616,52.15122699737549
617,53.45302200317383
618,54.44892501831055
619,49.528934478759766
620,50.810776710510254
621,51.75082969665527
622,52.90781784057617
623,54.14871788024902
624,56.48068046569824
625,51.63331699371338
626,52.90096187591553
627,54.557586669921875
628,50.37197494506836
629,51.588640213012695
630,52.94665050506592
631,54.426363945007324
632,50.2457914352417
633,51.46770668029785
634,52.7440710067749
635,54.44223880767822
636,50.135457038879395
637,51.44310283660889
638,53.10524654388428
639,60.23191547393799
640,53.62982940673828
641,54.81820869445801
642,50.42544746398926
643,51.576555252075195
644,52.71881580352783
645,54.36078453063965
646,49.70151901245117
647,51.00586700439453
648,52.31390380859375
649,53.36384963989258
650,54.48562717437744
651,49.86672878265381
652,51.401841163635254
653,52.44797325134277
654,57.37905406951904
655,54.914788246154785
656,51.10065841674805
657,52.543161392211914
658,54.454999923706055
659,50.52169990539551
660,51.998525619506836
661,53.859548568725586
662,50.00341987609863
663,51.345340728759766
664,53.194600105285645
665,54.68590068817139
666,50.60521221160889
667,52.353211402893066
668,53.86932373046875
669,51.06395626068115
670,52.812185287475586
671,54.66880702972412
672,49.58940124511719
673,50.98213195800781
674,52.28718852996826
675,53.50956344604492
676,54.51347637176514
677,50.4539098739624
678,51.58764362335205
679,52.882211685180664
680,53.861891746520996
681,49.85775279998779
682,51.083478927612305
683,52.336612701416016
684,59.20240783691406
685,50.74204730987549
686,52.29794120788574
687,53.805182456970215
688,55.199846267700195
689,51.30482006072998
690,53.16280269622803
691,54.74959659576416
692,50.85177516937256
693,52.287567138671875
694,54.10461616516113
695,50.23499584197998
696,51.75536918640137
697,53.11493682861328
698,54.98123741149902
699,50.98982810974121
700,53.02145576477051
701,54.822293281555176
702,51.99015426635742
703,53.592875480651855
704,55.49852275848389
705,52.074872970581055
706,54.17472553253174
707,50.77303886413574
708,52.59029769897461
709,54.77022933959961
710,51.58475875854492
711,53.46656322479248
712,50.58730602264404
713,52.3693323135376
714,59.863436698913574
715,51.1333532333374
716,52.57015895843506
717,54.480194091796875
718,50.731385231018066
719,52.42776679992676
720,54.10962200164795
721,50.38941764831543
722,51.94977378845215
723,53.54350471496582
724,50.12637519836426
725,51.730613708496094
726,53.257734298706055
727,55.11991500854492
728,51.45795154571533
729,51.99550819396973
730,54.24283313751221
731,51.10639190673828
732,53.100135803222656
733,55.269808769226074
734,52.250107765197754
735,54.09764575958252
736,51.18916034698486
737,53.0688419342041
738,54.886773109436035
739,51.8371524810791
740,54.089348793029785
741,50.923439025878906
742,52.71650981903076
743,55.061561584472656
744,54.68070888519287
745,51.71723651885986
746,53.865736961364746
747,56.08856010437012
748,53.7043399810791
749,51.51459789276123
750,53.802690505981445
751,56.01178169250488
752,51.538249015808105
753,53.124351501464844
754,54.511003494262695
755,50.250861167907715
756,51.4296875
757,53.04633617401123
758,54.34728145599365
759,50.13715744018555
760,51.638638496398926
761,53.50856876373291
762,55.010985374450684
763,51.37658405303955
764,52.80864334106445
765,54.71867561340332
766,50.993858337402344
767,52.587077140808105
768,54.15640068054199
769,50.74912071228027
770,52.500372886657715
771,54.18474197387695
772,50.54610538482666
773,52.40219306945801
774,52.03862190246582
775,53.730257987976074
776,51.01858615875244
777,52.81948661804199
778,54.729244232177734
779,51.99385070800781
780,53.85733604431152
781,50.72072696685791
782,52.60243034362793
783,54.76329040527344
784,51.68968677520752
785,53.86843681335449
786,50.89122200012207
787,52.79646682739258
788,54.73721122741699
789,52.76584053039551
790,53.42055702209473
791,54.83346080780029
792,51.23721694946289
793,52.69607925415039
794,54.044273376464844
795,50.60188865661621
796,52.074103355407715
797,53.547306060791016
798,49.917176246643066
799,51.361724853515625
800,52.77311992645264
801,54.32750606536865
802,50.63723278045654
803,52.16608715057373
804,51.1289644241333
805,52.886756896972656
806,54.86881160736084
807,51.77121067047119
808,53.44649124145508
809,55.210289001464844
810,52.16165637969971
811,53.90742206573486
812,50.54574394226074
813,52.25833702087402
814,54.33911991119385
815,51.0363883972168
816,52.778615951538086
817,54.83650779724121
818,51.62312889099121
819,54.371734619140625
820,55.22899913787842
821,52.391489028930664
822,54.79140377044678
823,52.07325458526611
824,54.101698875427246
825,51.69250965118408
826,53.81798553466797
827,51.21310520172119
828,53.55424499511719
829,55.51281929016113
830,52.83348274230957
831,55.30622959136963
832,52.55476474761963
833,54.6195650100708
834,60.809754371643066
835,51.91775035858154
836,53.52792739868164
837,55.13644790649414
838,51.76699352264404
839,53.45082187652588
840,54.95956039428711
841,51.72484874725342
842,53.27329158782959
843,54.957207679748535
844,51.638556480407715
845,53.243422508239746
846,54.785935401916504
847,51.18669414520264
848,53.08730220794678
849,51.59561824798584
850,53.79535388946533
851,55.59721088409424
852,52.57521438598633
853,54.277005195617676
854,484.89651679992676
855,53.618741035461426
856,50.783790588378906
857,52.65243625640869
858,55.06711959838867
859,52.035451889038086
860,53.94409370422363
861,51.28863334655762
862,47.787245750427246
863,48.001227378845215
864,51.416733741760254
865,54.79930019378662
866,51.40345478057861
867,53.289427757263184
868,51.41292858123779
869,53.60217094421387
870,55.91444110870361
871,53.96415996551514
872,51.58305835723877
873,53.882657051086426
874,51.75915336608887
875,53.983153343200684
876,51.62205982208252
877,54.303348541259766
878,51.872175216674805
879,49.85337257385254
880,56.12082099914551
881,54.493896484375
882,52.637386322021484
883,55.21190071105957
884,53.51273155212402
885,52.294837951660156
886,54.83127498626709
887,53.135812759399414
888,53.211649894714355
889,54.892520904541016
890,51.053420066833496
891,52.45151329040527
892,53.84415912628174
893,49.86249542236328
894,60.38930892944336
895,51.5799446105957
896,53.34397888183594
897,54.969597816467285
898,51.52766799926758
899,53.46471691131592
900,55.09167766571045
901,51.689276695251465
902,53.476436614990234
903,50.40058135986328
904,52.15224266052246
905,53.84661102294922
906,50.750277519226074
907,52.45408630371094
908,54.09822368621826
909,51.19822025299072
910,52.39688682556152
911,54.65212440490723
912,51.76122188568115
913,53.899187088012695
914,51.42460918426514
915,53.48169136047363
916,55.36400604248047
917,52.57905960083008
918,54.82435989379883
919,52.17051887512207
920,54.03737258911133
921,51.257113456726074
922,53.49166393280029
923,50.84194087982178
924,53.07292652130127
925,50.97750759124756
926,52.861327171325684
927,54.42050743103027
928,50.83799743652344
929,52.782010078430176
930,54.3224515914917
931,50.65838623046875
932,52.18868064880371
933,54.04609298706055
934,50.4182071685791
935,51.8958101272583
936,53.779794692993164
937,50.24922466278076
938,51.93293380737305
939,60.06293773651123
940,52.79012203216553
941,54.94333744049072
942,51.965044021606445
943,53.810089111328125
944,51.199337005615234
945,52.91632080078125
946,54.87158489227295
947,51.9927396774292
948,54.04875659942627
949,50.928728103637695
950,53.236754417419434
951,54.97542667388916
952,51.959381103515625
953,54.254310607910156
954,54.21010398864746
955,55.226637840270996
956,53.134334564208984
957,55.28065204620361
958,52.95955562591553
959,51.07254505157471
960,53.15806579589844
961,55.41749095916748
962,52.97447490692139
963,51.012757301330566
964,53.20244216918945
965,55.51896286010742
966,53.36233901977539
967,51.07802391052246
968,53.18686103820801
969,54.57848358154297
970,50.727298736572266
971,52.530890464782715
972,54.4769811630249
973,51.01036262512207
974,52.606863021850586
975,54.58329963684082
976,51.079880714416504
977,52.67780303955078
978,54.514023780822754
979,51.28690814971924
980,53.1091194152832
981,54.572099685668945
982,51.210543632507324
983,52.7896146774292
984,61.047359466552734
985,54.25428771972656
986,53.46555805206299
987,53.39731407165527
988,50.77770519256592
989,53.03696918487549
990,54.95138645172119
991,51.99425411224365
992,54.41553211212158
993,51.4208984375
994,53.37006092071533
995,55.34293270111084
996,52.4480562210083
997,54.30083084106445
998,51.59456539154053
999,50.99805927276611
1000,55.45924186706543
1001,53.24833393096924
1002,55.631855964660645
1003,53.61559200286865
1004,51.176326751708984
1005,53.52286434173584
1006,51.32751178741455
1007,53.56974124908447
1008,51.24906539916992
1009,53.98225021362305
1010,51.6734094619751
1011,54.09726905822754
1012,52.04878902435303
1013,53.066250801086426
1014,50.85974979400635
1015,52.79656982421875
1016,54.62173938751221
1017,51.755459785461426
1018,53.46287727355957
1019,55.31832408905029
1020,52.258243560791016
1021,54.024627685546875
1022,50.88497352600098
1023,52.67979431152344
1024,54.84951877593994
1025,51.833205223083496
1026,53.75249004364014
1027,52.94840049743652
1028,52.436354637145996
1029,53.77581024169922
1030,51.900322914123535
1031,53.82540225982666
1032,51.2412109375
1033,53.45650005340576
1034,51.060503005981445
1035,53.235591888427734
1036,55.31690692901611
1037,52.82387447357178
1038,54.778507232666016
1039,52.034485816955566
1040,54.374892234802246
1041,51.56739807128906
1042,53.68766117095947
1043,51.38192939758301
1044,51.40873622894287
1045,53.91365146636963
1046,51.82335186004639
1047,54.681583404541016
1048,52.55615711212158
1049,55.06852340698242
1050,53.32388973236084
1051,55.75233554840088
1052,53.73258686065674
1053,51.79164791107178
1054,54.43208980560303
1055,52.30197811126709
1056,54.5405216217041
1057,52.517212867736816
1058,55.086585998535156
1059,54.21552658081055
1060,54.862613677978516
1061,51.805442810058594
1062,53.84447383880615
1063,51.10447597503662
1064,53.04836654663086
1065,54.881157875061035
1066,51.97354698181152
1067,54.2465763092041
1068,51.39062213897705
1069,53.27927112579346
1070,55.3474235534668
1071,52.85264015197754
1072,54.76806163787842
1073,51.75462627410889
1074,57.49510192871094
1075,53.372069358825684
1076,51.32156467437744
1077,53.58443737030029
1078,51.219719886779785
1079,53.83375930786133
1080,51.43107795715332
1081,53.68498134613037
1082,51.31053638458252
1083,53.94354438781738
1084,51.490492820739746
1085,53.664743423461914
1086,51.574198722839355
1087,47.834877014160156
1088,47.320441246032715
1089,49.93880748748779
1090,48.55531024932861
1091,54.83010387420654
1092,53.26693153381348
1093,55.8430290222168
1094,53.98534965515137
1095,52.10605525970459
1096,55.09725856781006
1097,53.15868949890137
1098,54.21830654144287
1099,51.1326322555542
1100,52.8683967590332
1101,54.54530334472656
1102,51.19013023376465
1103,53.19642639160156
1104,55.3925085067749
1105,55.429025650024414
1106,53.046597480773926
1107,55.09105205535889
1108,52.34449768066406
1109,54.329383850097656
1110,51.53140640258789
1111,53.84616947174072
1112,51.11894130706787
1113,53.11490726470947
1114,55.521849632263184
1115,52.65986919403076
1116,54.65473556518555
1117,51.90435981750488
1118,54.175872802734375
1119,51.40864372253418
1120,53.500245094299316
1121,55.46327304840088
1122,52.40839195251465
1123,54.75105857849121
1124,51.6920747756958
1125,53.66176891326904
1126,50.89996910095215
1127,52.8851261138916
1128,54.65267562866211
1129,52.027944564819336
1130,54.026719093322754
1131,51.01507377624512
1132,53.256598472595215
1133,55.18813228607178
1134,54.278916358947754
1135,55.602335929870605
1136,53.29224109649658
1137,55.364614486694336
1138,53.35287666320801
1139,55.81636905670166
1140,53.5410680770874
1141,55.76566410064697
1142,53.615777015686035
1143,51.38098907470703
1144,53.49649429321289
1145,51.33128261566162
1146,53.71882438659668
1147,51.46644115447998
1148,53.93007469177246
1149,54.37267780303955
1150,55.902960777282715
1151,54.518691062927246
1152,52.92013359069824
1153,55.35215663909912
1154,53.59472846984863
1155,55.74240493774414
1156,55.35068702697754
1157,55.123308181762695
1158,54.87773036956787
1159,54.909117698669434
1160,52.43860626220703
1161,53.674814224243164
1162,55.70748424530029
1163,54.150628089904785
1164,68.59896564483643
1165,54.88253402709961
1166,51.85424518585205
1167,53.86205196380615
1168,51.201809883117676
1169,53.19186305999756
1170,55.076558113098145
1171,52.23237419128418
1172,54.45651340484619
1173,51.46373271942139
1174,53.31865692138672
1175,50.794694900512695
1176,52.692983627319336
1177,54.56077861785889
1178,52.060306549072266
1179,63.56770992279053
1180,54.97054100036621
1181,52.55301570892334
1182,54.916611671447754
1183,52.83656311035156
1184,55.009464263916016
1185,52.57928943634033
1186,54.948166847229004
1187,52.761582374572754
1188,54.983073234558105
1189,52.57224178314209
1190,54.841952323913574
1191,52.78345012664795
1192,54.96955680847168
1193,52.644429206848145
1194,56.75972557067871
1195,54.425997734069824
1196,51.890140533447266
1197,54.05274963378906
1198,51.76225280761719
1199,54.10449409484863
1200,51.493906021118164
1201,53.60849571228027
1202,51.34992790222168
1203,53.481740951538086
1204,55.487091064453125
1205,53.07557392120361
1206,55.44832515716553
1207,52.950655937194824
1208,55.15720176696777
1209,60.49321269989014
1210,51.68881702423096
1211,54.11530780792236
1212,52.14596462249756
1213,54.99923324584961
1214,52.89976978302002
1215,55.258164405822754
1216,53.21061706542969
1217,55.51001739501953
1218,53.89852428436279
1219,51.954331398010254
1220,54.479063987731934
1221,52.43339920043945
1222,55.21369552612305
1223,53.22281742095947
1224,53.43959140777588
1225,53.77388572692871
1226,52.82081413269043
1227,55.586215019226074
1228,54.32744884490967
1229,53.32249355316162
1230,56.04457187652588
1231,54.61916637420654
1232,53.56040859222412
1233,52.46201801300049
1234,55.25867938995361
1235,54.27453136444092
1236,53.18828010559082
1237,55.89811420440674
1238,54.84228706359863
1239,69.00699043273926
1240,55.37991428375244
1241,54.597825050354004
1242,51.85636615753174
1243,53.62055492401123
1244,55.18414878845215
1245,51.78654098510742
1246,53.753289222717285
1247,50.419673919677734
1248,52.070984840393066
1249,53.858909606933594
1250,50.74129104614258
1251,52.57845401763916
1252,54.12346363067627
1253,50.77482032775879
1254,52.64814281463623
1255,53.19362258911133
1256,55.12090873718262
1257,52.34895038604736
1258,54.60746097564697
1259,51.77775287628174
1260,53.70598602294922
1261,50.84412860870361
1262,53.20094585418701
1263,55.09942436218262
1264,52.22784233093262
1265,54.35109519958496
1266,51.80420970916748
1267,53.681002616882324
1268,50.948723793029785
1269,70.96366310119629
1270,51.62568664550781
1271,53.884583473205566
1272,51.67305088043213
1273,54.25132656097412
1274,52.075955390930176
1275,54.34097194671631
1276,52.515724182128906
1277,54.69522285461426
1278,52.51249885559082
1279,55.082197189331055
1280,52.78903293609619
1281,55.17045879364014
1282,53.04003143310547
1283,55.63626289367676
1284,69.09878921508789
1285,51.12488079071045
1286,52.72722911834717
1287,54.43895149230957
1288,51.063504219055176
1289,53.20162296295166
1290,55.16702747344971
1291,52.28471374511719
1292,53.88801956176758
1293,51.034268379211426
1294,53.20905303955078
1295,55.14287090301514
1296,52.27852439880371
1297,54.36495113372803
1298,51.647440910339355
1299,84.67830753326416
1300,52.44904708862305
1301,54.38240909576416
1302,51.29738807678223
1303,53.596723556518555
1304,55.44760704040527
1305,52.40424919128418
1306,54.33187961578369
1307,51.587900161743164
1308,53.443918228149414
1309,55.32475757598877
1310,52.707457542419434
1311,54.61674690246582
1312,51.67321968078613
1313,53.35420036315918
1314,66.55511283874512
1315,54.49293899536133
1316,52.07628536224365
1317,54.39658737182617
1318,52.122488021850586
1319,54.290982246398926
1320,52.0225133895874
1321,54.453020095825195
1322,51.99041175842285
1323,54.22325038909912
1324,52.20909309387207
1325,54.25552749633789
1326,51.81296157836914
1327,54.41520118713379
1328,52.037126541137695
1329,53.0110445022583
1330,52.774922370910645
1331,55.532193183898926
1332,53.645623207092285
1333,51.91878128051758
1334,54.76304531097412
1335,53.00655174255371
1336,55.34261989593506
1337,53.9542350769043
1338,52.09734344482422
1339,54.728445053100586
1340,53.14762020111084
1341,55.59204387664795
1342,53.73492622375488
1343,52.19917678833008
1344,50.59836292266846
1345,53.000566482543945
1346,55.143582344055176
1347,52.187631607055664
1348,54.001930236816406
1349,50.981008529663086
1350,53.23798656463623
1351,55.24960899353027
1352,52.15760517120361
1353,53.96546173095703
1354,51.379154205322266
1355,53.35825824737549
1356,55.306095123291016
1357,52.26210594177246
1358,54.539045333862305
1359,70.50552463531494
1360,54.694180488586426
1361,52.2462158203125
1362,54.54513072967529
1363,52.54651165008545
1364,54.80275344848633
1365,52.391600608825684
1366,54.67919158935547
1367,52.45397472381592
1368,54.756896018981934
1369,52.318806648254395
1370,54.74885654449463
1371,52.48111820220947
1372,54.77056884765625
1373,52.41584587097168
1374,79.01879692077637
1375,55.805368423461914
1376,53.95552444458008
1377,52.155067443847656
1378,54.95828342437744
1379,53.267184257507324
1380,55.69057655334473
1381,54.11218547821045
1382,52.695430755615234
1383,55.32853031158447
1384,53.449209213256836
1385,50.395609855651855
1386,52.381428718566895
1387,54.12345218658447
1388,50.710248947143555
1389,51.78518772125244
1390,51.86962413787842
1391,54.23877429962158
1392,51.22323989868164
1393,53.10776138305664
1394,55.06582069396973
1395,52.53950214385986
1396,54.472968101501465
1397,51.638203620910645
1398,54.06527233123779
1399,51.06431198120117
1400,53.09131717681885
1401,55.37596607208252
1402,52.43285846710205
1403,54.41015815734863
1404,54.770853996276855
1405,55.72004413604736
1406,53.926825523376465
1407,51.712507247924805
1408,54.00613498687744
1409,52.11173057556152
1410,54.412729263305664
1411,52.15497589111328
1412,54.84762763977051
1413,52.87598896026611
1414,55.24186038970947
1415,53.49123954772949
1416,55.83354473114014
1417,53.47528839111328
1418,55.64021110534668
1419,55.9612398147583
1420,51.48266124725342
1421,53.906192779541016
1422,51.3440055847168
1423,53.46879291534424
1424,55.52680015563965
1425,53.08592510223389
1426,55.23375415802002
1427,52.818854331970215
1428,55.174570083618164
1429,52.68840789794922
1430,54.82285499572754
1431,52.64724349975586
1432,54.767717361450195
1433,52.20038604736328
1434,55.10734462738037
1435,53.189385414123535
1436,55.85172748565674
1437,53.94776916503906
1438,52.05625534057617
1439,54.87187099456787
1440,52.94421100616455
1441,55.409528732299805
1442,53.8690128326416
1443,51.97988510131836
1444,54.49520397186279
1445,52.91984558105469
1446,55.3385066986084
1447,53.44938087463379
1448,51.66911697387695
1449,56.10791873931885
1450,53.7069616317749
1451,52.39167881011963
1452,53.55229187011719
1453,54.48710632324219
1454,55.6856050491333
1455,53.27298069000244
1456,54.95414352416992
1457,53.726484298706055
1458,52.30327320098877
1459,55.35179328918457
1460,53.921142578125
1461,52.535993576049805
1462,55.25589656829834
1463,54.280818939208984
1464,57.53861331939697
1465,55.64819812774658
1466,54.104312896728516
1467,52.555169105529785
1468,55.0432014465332
1469,53.89634895324707
1470,52.145405769348145
1471,54.89442157745361
1472,53.18480587005615
1473,52.04389572143555
1474,54.5520544052124
1475,53.05276393890381
1476,55.86466407775879
1477,54.38506031036377
1478,52.84171676635742
1479,84.38106727600098
1480,53.815531730651855
1481,53.28274059295654
1482,56.279526710510254
1483,55.23921775817871
1484,54.43839645385742
1485,53.926026344299316
1486,53.0648193359375
1487,56.07110786437988
1488,55.29233360290527
1489,54.5390510559082
1490,53.66018009185791
1491,52.80684757232666
1492,56.236205101013184
1493,55.206048011779785
1494,81.51362895965576
1495,54.257235527038574
1496,54.56854820251465
1497,54.38462448120117
1498,54.39062213897705
1499,54.67750644683838
1500,54.51123237609863
1501,54.26906204223633
1502,54.27190017700195
1503,54.441405296325684
1504,54.239861488342285
1505,54.214348793029785
1506,54.458221435546875
1507,54.360862731933594
1508,54.11787128448486
1509,59.919081687927246
1510,53.24213218688965
1511,52.224188804626465
1512,55.309279441833496
1513,54.236403465270996
1514,53.058295249938965
1515,55.8386173248291
1516,54.69124221801758
1517,53.9002046585083
1518,52.88958168029785
1519,55.783915519714355
1520,54.59029579162598
1521,53.8172721862793
1522,52.66953468322754
1523,55.61068344116211
1524,73.01929473876953
1525,55.82371997833252
1526,55.407532691955566
1527,55.09091091156006
1528,54.78323841094971
1529,54.42236042022705
1530,54.08915710449219
1531,53.79521179199219
1532,53.747008323669434
1533,53.35463047027588
1534,53.064969062805176
1535,52.85309886932373
1536,56.26166915893555
1537,55.8350133895874
1538,55.44557571411133
1539,55.14212512969971
1540,52.70372200012207
1541,56.11597537994385
1542,55.51207160949707
1543,54.76939868927002
1544,54.162217140197754
1545,53.535447120666504
1546,53.266279220581055
1547,52.63993740081787
1548,55.861331939697266
1549,54.99251461029053
1550,54.398651123046875
1551,54.120192527770996
1552,53.49975395202637
1553,52.863059997558594
1554,67.01718997955322
1555,55.3498420715332
1556,55.38609504699707
1557,55.38095664978027
1558,55.322479248046875
1559,55.43417835235596
1560,55.61297798156738
1561,55.58356475830078
1562,55.40052890777588
1563,55.50919055938721
1564,55.743062019348145
1565,55.800514221191406
1566,55.62426471710205
1567,55.58612537384033
1568,55.37707233428955
1569,55.72923564910889
1570,54.03166389465332
1571,53.989407539367676
1572,53.911245346069336
1573,54.09996032714844
1574,54.13554382324219
1575,53.90837574005127
1576,53.81875038146973
1577,54.14524841308594
1578,54.04135704040527
1579,54.0151424407959
1580,53.97049331665039
1581,54.065528869628906
1582,54.21453380584717
1583,54.191060066223145
1584,54.13855743408203
1585,71.45070362091064
1586,54.34944534301758
1587,54.9052619934082
1588,51.81983184814453
1589,53.20196342468262
1590,54.75920391082764
1591,51.08553123474121
1592,52.93000793457031
1593,54.4895601272583
1594,50.85980701446533
1595,52.42690944671631
1596,54.23369216918945
1597,50.59234046936035
1598,52.13319778442383
1599,53.7601900100708
1600,76.65678405761719
1601,50.870784759521484
1602,52.71926975250244
1603,54.6445255279541
1604,51.845370292663574
1605,53.69406700134277
1606,53.00548076629639
1607,52.1585636138916
1608,51.643622398376465
1609,50.793782234191895
1610,52.23910903930664
1611,54.46335315704346
1612,51.39808368682861
1613,53.24985313415527
1614,55.09379959106445
1615,53.7435302734375
1616,55.22478103637695
1617,52.75180530548096
1618,54.84563159942627
1619,52.48205375671387
1620,55.04952335357666
1621,52.47183322906494
1622,54.70660400390625
1623,52.20546531677246
1624,54.37020397186279
1625,52.142921447753906
1626,54.21797466278076
1627,51.62141799926758
1628,53.83126354217529
1629,51.75639247894287
1630,76.10357284545898
1631,51.757184982299805
1632,54.1809606552124
1633,52.352967262268066
1634,55.16319179534912
1635,53.34189414978027
1636,49.999929428100586
1637,51.98421573638916
1638,53.62203502655029
1639,55.10554885864258
1640,51.77719020843506
1641,53.40031337738037
1642,54.874900817871094
1643,51.509029388427734
1644,53.031975746154785
1645,67.86923217773438
1646,52.44693374633789
1647,54.267632484436035
1648,51.43856716156006
1649,53.37928867340088
1650,55.284257888793945
1651,52.354352951049805
1652,54.34347152709961
1653,51.31804943084717
1654,53.498900413513184
1655,50.48206901550293
1656,52.356361389160156
1657,54.57848644256592
1658,51.52864170074463
1659,53.3608512878418
1660,53.05603218078613
1661,54.502509117126465
1662,52.14745807647705
1663,54.13106060028076
1664,51.704790115356445
1665,53.98674297332764
1666,51.7025089263916
1667,53.71992778778076
1668,51.57944393157959
1669,53.67404270172119
1670,51.27625274658203
1671,53.781991958618164
1672,51.330702781677246
1673,53.484344482421875
1674,51.3833703994751
1675,48.183820724487305
1676,54.96748638153076
1677,51.58677959442139
1678,53.1456241607666
1679,54.655720710754395
1680,51.2061128616333
1681,52.513978004455566
1682,54.142117500305176
1683,50.7189416885376
1684,52.16555309295654
1685,53.67282009124756
1686,50.02643966674805
1687,51.98582935333252
1688,53.559189796447754
1689,55.061463356018066
1690,50.66783905029297
1691,53.01924133300781
1692,54.94473838806152
1693,51.93911933898926
1694,53.64678955078125
1695,50.66667079925537
1696,52.733092308044434
1697,54.689534187316895
1698,51.531052589416504
1699,53.89161491394043
1700,50.75141906738281
1701,52.51823711395264
1702,54.67379379272461
1703,51.54607582092285
1704,53.439064025878906
1705,55.57748794555664
1706,54.40090847015381
1707,52.09917736053467
1708,54.24561882019043
1709,51.74546813964844
1710,53.830506324768066
1711,51.474854469299316
1712,53.71994972229004
1713,51.24781799316406
1714,53.3728551864624
1715,51.15818119049072
1716,53.441572189331055
1717,55.53634262084961
1718,53.13353729248047
1719,55.47906017303467
1720,71.23349380493164
1721,52.02568435668945
1722,53.90787601470947
1723,50.5614595413208
1724,52.67678928375244
1725,54.55170440673828
1726,51.186442375183105
1727,53.28890323638916
1728,55.15167713165283
1729,51.79716777801514
1730,53.862040519714355
1731,50.6981897354126
1732,52.38885498046875
1733,54.26206111907959
1734,51.27513313293457
1735,70.4387674331665
1736,53.70151901245117
1737,51.038350105285645
1738,53.50871562957764
1739,50.81601047515869
1740,52.891048431396484
1741,55.233853340148926
1742,52.62284564971924
1743,54.48346424102783
1744,51.78046417236328
1745,54.07323169708252
1746,55.26155757904053
1747,51.690378189086914
1748,52.768826484680176
1749,53.53514003753662
1750,72.13871479034424
1751,54.305952072143555
1752,55.445037841796875
1753,52.95683193206787
1754,55.47262096405029
1755,53.45647048950195
1756,51.43210220336914
1757,53.66886806488037
1758,51.875182151794434
1759,54.204559326171875
1760,52.11273670196533
1761,54.56136226654053
1762,51.772024154663086
1763,51.34440803527832
1764,51.24490261077881
1765,51.64267539978027
1766,50.760807037353516
1767,52.65482521057129
1768,54.557857513427734
1769,51.86969470977783
1770,53.66325092315674
1771,50.66317367553711
1772,52.811988830566406
1773,54.5645055770874
1774,51.51477241516113
1775,53.77178382873535
1776,50.59388542175293
1777,52.31270980834961
1778,54.29759407043457
1779,51.49977684020996
1780,55.33656024932861
1781,54.329856872558594
1782,52.06954860687256
1783,54.08184814453125
1784,51.56870460510254
1785,53.79548358917236
1786,51.720337867736816
1787,53.85431098937988
1788,51.4385929107666
1789,53.9202766418457
1790,51.46034622192383
1791,53.60685157775879
1792,51.622209548950195
1793,53.66670608520508
1794,51.274643898010254
1795,59.92908191680908
1796,54.188347816467285
1797,52.222198486328125
1798,54.66960430145264
1799,53.145315170288086
1800,55.60677242279053
1801,53.65120029449463
1802,52.122443199157715
1803,54.498138427734375
1804,52.64241123199463
1805,55.57107448577881
1806,53.65937042236328
1807,51.76581001281738
1808,54.192912101745605
1809,52.602572441101074
1810,59.1609525680542
1811,55.436625480651855
1812,54.51402759552002
1813,53.301265716552734
1814,55.97048473358154
1815,55.211649894714355
1816,53.850863456726074
1817,52.669132232666016
1818,55.74253273010254
1819,54.51836013793945
1820,53.38829040527344
1821,52.250558853149414
1822,55.27338790893555
1823,54.02705478668213
1824,54.63059711456299
1825,51.38859462738037
1826,53.43702507019043
1827,55.23494911193848
1828,52.20638656616211
1829,54.01039695739746
1830,51.24350357055664
1831,53.062116622924805
1832,54.92075538635254
1833,51.83033752441406
1834,54.0267333984375
1835,50.91360664367676
1836,52.81871509552002
1837,54.632927894592285
1838,52.00166893005371
1839,53.75907802581787
1840,61.206915855407715
1841,54.29459476470947
1842,52.22743320465088
1843,54.391605377197266
1844,51.899813652038574
1845,54.40714359283447
1846,51.89101696014404
1847,54.122557640075684
1848,51.74786376953125
1849,54.35508155822754
1850,51.9286003112793
1851,54.17414474487305
1852,52.095744132995605
1853,54.41083812713623
1854,51.93741989135742
1855,48.1790828704834
1856,53.74690341949463
1857,51.57245922088623
1858,53.63093948364258
1859,51.0579719543457
1860,53.38337707519531
1861,55.54586315155029
1862,52.889509201049805
1863,55.0523738861084
1864,52.72846698760986
1865,54.699302673339844
1866,52.000582695007324
1867,54.09367084503174
1868,51.686004638671875
1869,53.759751319885254
1870,74.83289909362793
1871,54.26756191253662
1872,52.472350120544434
1873,55.730031967163086
1874,53.741244316101074
1875,51.84749221801758
1876,55.29940223693848
1877,53.34620380401611
1878,56.832834243774414
